seq,frame,gt_id,old_hid,new_hid,prev_frame,gap,min_vis,crowd_iou,other_gt,speed,transfer,app_sim,new_track,occlusion,long_occlusion,fast_motion,similar_appearance,primary
SYNTH-01,194,3,3,7,173,20,0.466,0.08937728937728938,1,0.019736842105263157,False,0.6264066100120544,True,True,False,False,False,occlusion
SYNTH-01,253,1,1,9,244,8,0.293,0.6734423065323603,2,0.018758061837103223,False,0.7674185037612915,True,True,False,False,False,occlusion
SYNTH-01,373,4,4,13,143,229,0.0,0.3639371381306865,1,0.009300816647554057,False,0.5427489876747131,True,True,True,False,False,long occlusion (> buffer)
SYNTH-01,404,7,12,15,391,12,0.0,0.12131277184657968,5,0.06352465845169858,False,0.5095677375793457,True,True,False,False,False,occlusion
SYNTH-01,447,5,8,20,437,9,0.063,0.8879044010492568,6,0.01696751286262412,False,0.9659367203712463,True,True,False,False,False,occlusion
SYNTH-01,492,4,13,26,413,78,0.06,0.8426377917813083,10,0.01108482502954953,False,0.7891659736633301,True,True,True,False,False,long occlusion (> buffer)
SYNTH-01,528,6,10,28,521,6,1.0,0.3945850319206215,8,0.016829002553541472,False,0.780125617980957,True,True,False,False,False,occlusion
SYNTH-01,538,8,17,29,530,7,0.306,0.5174069126732342,6,0.014180617310172106,False,0.7488952279090881,True,True,False,False,False,occlusion
SYNTH-01,543,9,19,30,542,0,0.79,0.26976664758058844,10,0.01386963886038763,False,0.8329270482063293,True,False,False,False,False,other (detector jitter / missed det)
SYNTH-01,565,6,28,32,559,5,1.0,0.22059663339950508,10,0.016829002553541472,False,0.4339485764503479,True,True,False,False,False,occlusion
